email,senha
0.6157287344209775@mail.com,user123
0.42850177129920625@mail.com,user123           
0.7635191926668037@mail.com,user123
0.21701144777661577@mail.com,user123           
0.5941584742051887@mail.com,user123
0.6463608081167305@mail.com,user123
0.9085436439633962@mail.com,user123
0.28875813734058553@mail.com,user123           
0.3846827515398498@mail.com,user123
0.9861676918798246@mail.com,user123
0.6565947327020851@mail.com,user123
0.4737823855682812@mail.com,user123
0.3122151259046851@mail.com,user123
0.713204345688307@mail.com,user123 
0.9786033220844224@mail.com,user123
0.203853711940342@mail.com,user123